{
    "Tokyo": 51.1860202904932,
    "Jakarta": 33.59653042216892,
    "Delhi": 27.315167457198672,
    "Mumbai": 17.625846048215095,
    "Manila": 24.663539739810748,
    "S\u00e3o Paulo": 34.08097379308068,
    "Seoul": 29.688382826333207,
    "Mexico City": 28.37823130579125,
    "New York City": 65.10953128533275,
    "Bangkok": 31.91039526395664,
    "Moscow": 44.259225474188405,
    "Buenos Aires": 33.0761406275534,
    "Lagos": 25.01593964330208,
    "Los Angeles": 44.962051634164276,
    "Ho Chi Minh City": 26.251493359195905,
    "Osaka": 31.004771508189638,
    "Johannesburg": 35.86045091995518,
    "Istanbul": 21.638711666278937,
    "Tehran": 23.28948359361322
}