{
    "Jakarta|Tokyo": {
        "mean": 77.55211876444444,
        "stddev": 0.8615256941073047
    },
    "Delhi|Tokyo": {
        "mean": 138.6214586177778,
        "stddev": 5.543024936526808
    },
    "Mumbai|Tokyo": {
        "mean": 140.76996632,
        "stddev": 24.774737457130236
    },
    "Manila|Tokyo": {
        "mean": 53.99871724888889,
        "stddev": 0.13371124900178102
    },
    "S\u00e3o Paulo|Tokyo": {
        "mean": 264.6852946133333,
        "stddev": 3.627244922699864
    },
    "Seoul|Tokyo": {
        "mean": 29.668585075555555,
        "stddev": 0.2261705709711751
    },
    "Mexico City|Tokyo": {
        "mean": 140.53358322222223,
        "stddev": 3.0940706565214295
    },
    "New York City|Tokyo": {
        "mean": 149.32642742666667,
        "stddev": 1.9684365019613341
    },
    "Bangkok|Tokyo": {
        "mean": 84.76010074666668,
        "stddev": 5.695541100242792
    },
    "Moscow|Tokyo": {
        "mean": 121.87138188444445,
        "stddev": 2.802845416436775
    },
    "Buenos Aires|Tokyo": {
        "mean": 234.39200398666668,
        "stddev": 3.094059137128053
    },
    "Lagos|Tokyo": {
        "mean": 318.90027634666666,
        "stddev": 0.17285002262610086
    },
    "Los Angeles|Tokyo": {
        "mean": 102.46026092,
        "stddev": 3.4782370380671415
    },
    "Ho Chi Minh City|Tokyo": {
        "mean": 117.30815595555556,
        "stddev": 95.24765002543856
    },
    "Osaka|Tokyo": {
        "mean": 13.354026088888888,
        "stddev": 0.418950649370811
    },
    "Johannesburg|Tokyo": {
        "mean": 180.77031095964128,
        "stddev": 0.2746290727591209
    },
    "Istanbul|Tokyo": {
        "mean": 235.45018471555554,
        "stddev": 14.263929085594416
    },
    "Tehran|Tokyo": {
        "mean": 163.27424950222223,
        "stddev": 2.044729125972343
    },
    "Delhi|Jakarta": {
        "mean": 86.209014,
        "stddev": 4.277639495867281
    },
    "Jakarta|Mumbai": {
        "mean": 64.63078496,
        "stddev": 2.7974092500465733
    },
    "Jakarta|Manila": {
        "mean": 39.79382938222222,
        "stddev": 0.13651469438657646
    },
    "Jakarta|S\u00e3o Paulo": {
        "mean": 328.64922303125,
        "stddev": 0.19029569435275265
    },
    "Jakarta|Seoul": {
        "mean": 78.69982916143499,
        "stddev": 0.12813507645678568
    },
    "Jakarta|Mexico City": {
        "mean": 231.88422190625002,
        "stddev": 16.90365075914558
    },
    "Jakarta|New York City": {
        "mean": 239.05581284186047,
        "stddev": 21.541816817181356
    },
    "Bangkok|Jakarta": {
        "mean": 39.61489160888889,
        "stddev": 2.4029867691315254
    },
    "Jakarta|Moscow": {
        "mean": 176.68906061009176,
        "stddev": 20.45290808170501
    },
    "Buenos Aires|Jakarta": {
        "mean": 344.7480014355556,
        "stddev": 3.2298216150110566
    },
    "Jakarta|Lagos": {
        "mean": 272.3787685201794,
        "stddev": 0.6018670975062911
    },
    "Jakarta|Los Angeles": {
        "mean": 180.24075397333334,
        "stddev": 0.713559190111988
    },
    "Ho Chi Minh City|Jakarta": {
        "mean": 40.26733064,
        "stddev": 0.44482150772387385
    },
    "Jakarta|Osaka": {
        "mean": 91.89624677333335,
        "stddev": 0.25636124146504213
    },
    "Jakarta|Johannesburg": {
        "mean": 127.27802700000001,
        "stddev": 0.9022196570435584
    },
    "Istanbul|Jakarta": {
        "mean": 173.41297601339286,
        "stddev": 1.9405691129034994
    },
    "Jakarta|Tehran": {
        "mean": 223.59231705263159,
        "stddev": 8.059971560927993
    },
    "Delhi|Mumbai": {
        "mean": 39.91023167567568,
        "stddev": 23.146293058674583
    },
    "Delhi|Manila": {
        "mean": 105.7167596226415,
        "stddev": 2.670403371259424
    },
    "Delhi|S\u00e3o Paulo": {
        "mean": 323.5213209282511,
        "stddev": 2.956546736059666
    },
    "Delhi|Seoul": {
        "mean": 163.7876224088889,
        "stddev": 4.738729209280143
    },
    "Delhi|Mexico City": {
        "mean": 316.20311356444444,
        "stddev": 4.516497617502493
    },
    "Delhi|New York City": {
        "mean": 206.05966915625,
        "stddev": 1.4381492859911194
    },
    "Bangkok|Delhi": {
        "mean": 105.36275662946427,
        "stddev": 7.066543935107993
    },
    "Delhi|Moscow": {
        "mean": 262.5616980137615,
        "stddev": 4.795453181002614
    },
    "Buenos Aires|Delhi": {
        "mean": 403.1432297409091,
        "stddev": 5.051762093261042
    },
    "Delhi|Lagos": {
        "mean": 311.8838982266667,
        "stddev": 2.719861041003321
    },
    "Delhi|Los Angeles": {
        "mean": 240.98660899555557,
        "stddev": 8.41684295223672
    },
    "Delhi|Ho Chi Minh City": {
        "mean": 124.2843544,
        "stddev": 2.8870483672803857
    },
    "Delhi|Osaka": {
        "mean": 167.60648541071427,
        "stddev": 22.90183382337481
    },
    "Delhi|Johannesburg": {
        "mean": 301.28927851339284,
        "stddev": 3.3566321747573697
    },
    "Delhi|Istanbul": {
        "mean": 274.1480207636364,
        "stddev": 3.9111782561482342
    },
    "Delhi|Tehran": {
        "mean": 270.80694602830187,
        "stddev": 6.677736482154878
    },
    "Manila|Mumbai": {
        "mean": 102.93311713777778,
        "stddev": 24.665883009540533
    },
    "Mumbai|S\u00e3o Paulo": {
        "mean": 303.28019787555553,
        "stddev": 0.11531942695784862
    },
    "Mumbai|Seoul": {
        "mean": 122.69775473777777,
        "stddev": 0.6919949263932811
    },
    "Mexico City|Mumbai": {
        "mean": 297.40873519999997,
        "stddev": 26.125614877669733
    },
    "Mumbai|New York City": {
        "mean": 190.41356795555555,
        "stddev": 0.2264547562491357
    },
    "Bangkok|Mumbai": {
        "mean": 80.69672093333334,
        "stddev": 3.096051192670502
    },
    "Moscow|Mumbai": {
        "mean": 182.65228585333332,
        "stddev": 2.330023959553403
    },
    "Buenos Aires|Mumbai": {
        "mean": 330.39611225333334,
        "stddev": 0.5156617095980153
    },
    "Lagos|Mumbai": {
        "mean": 249.79202520444446,
        "stddev": 0.4303104900303649
    },
    "Los Angeles|Mumbai": {
        "mean": 242.9674510235849,
        "stddev": 25.486433525072737
    },
    "Ho Chi Minh City|Mumbai": {
        "mean": 103.37336557777778,
        "stddev": 18.184347228938012
    },
    "Mumbai|Osaka": {
        "mean": 140.72364765333333,
        "stddev": 0.3504943815318545
    },
    "Johannesburg|Mumbai": {
        "mean": 153.29383581333335,
        "stddev": 3.459774894012623
    },
    "Istanbul|Mumbai": {
        "mean": 192.5781095288889,
        "stddev": 12.837531151828925
    },
    "Mumbai|Tehran": {
        "mean": 212.9597545466667,
        "stddev": 1.2321568774596718
    },
    "Manila|S\u00e3o Paulo": {
        "mean": 342.98048130666666,
        "stddev": 25.400341128119074
    },
    "Manila|Seoul": {
        "mean": 65.34090595555556,
        "stddev": 0.8752512739692998
    },
    "Manila|Mexico City": {
        "mean": 227.5441341911111,
        "stddev": 1.5200160499316393
    },
    "Manila|New York City": {
        "mean": 193.38098996444444,
        "stddev": 0.17965850583226697
    },
    "Bangkok|Manila": {
        "mean": 59.58154036,
        "stddev": 6.469204510501724
    },
    "Manila|Moscow": {
        "mean": 197.81426465765765,
        "stddev": 6.8796023891127875
    },
    "Buenos Aires|Manila": {
        "mean": 339.56167673333334,
        "stddev": 0.3698363603937847
    },
    "Lagos|Manila": {
        "mean": 286.4775877644444,
        "stddev": 0.6467978129621886
    },
    "Los Angeles|Manila": {
        "mean": 151.00959026222222,
        "stddev": 0.6563148829943052
    },
    "Ho Chi Minh City|Manila": {
        "mean": 51.33251496888889,
        "stddev": 0.4692332047294914
    },
    "Manila|Osaka": {
        "mean": 78.37413118666667,